{"cameraMode":{"drawMode":0,"name":"Shaded","section":"Shading Mode"},"sceneLighting":false,"audioPlay":false,"sceneViewState":{"showFog":true,"showMaterialUpdate":false,"showSkybox":false,"showFlares":true,"showImageEffects":true,"showParticleSystems":true},"in2DMode":false,"pivot":{"x":-9.5367431640625e-7,"y":10.0,"z":4.739997863769531},"rotation":{"x":0.18114839494228364,"y":-0.09483202546834946,"z":0.017873428761959077,"w":0.9790095686912537},"size":40.92677307128906,"orthographic":false}