{"cameraMode":{"drawMode":0,"name":"Shaded","section":"Shading Mode"},"sceneLighting":false,"audioPlay":false,"sceneViewState":{"showFog":true,"showMaterialUpdate":false,"showSkybox":false,"showFlares":true,"showImageEffects":true,"showParticleSystems":true},"in2DMode":false,"pivot":{"x":0.0,"y":-0.8829002380371094,"z":1.0182499885559083},"rotation":{"x":0.23877741396427155,"y":-0.12856906652450562,"z":0.0322275348007679,"w":0.9620921015739441},"size":4.236362934112549,"orthographic":false}