{"cameraMode":{"drawMode":0,"name":"Shaded","section":"Shading Mode"},"sceneLighting":false,"audioPlay":false,"sceneViewState":{"showFog":true,"showMaterialUpdate":false,"showSkybox":false,"showFlares":true,"showImageEffects":true,"showParticleSystems":true},"in2DMode":false,"pivot":{"x":-0.00016796588897705078,"y":0.7566945552825928,"z":0.020447850227355958},"rotation":{"x":0.20226940512657166,"y":-0.7185028195381165,"z":0.23320381343364716,"w":0.6233465671539307},"size":1.1315704584121705,"orthographic":false}