{"cameraMode":{"drawMode":0,"name":"Shaded","section":"Shading Mode"},"sceneLighting":false,"audioPlay":false,"sceneViewState":{"showFog":true,"showMaterialUpdate":false,"showSkybox":false,"showFlares":true,"showImageEffects":true,"showParticleSystems":true},"in2DMode":false,"pivot":{"x":0.563152551651001,"y":0.961666464805603,"z":-0.15979623794555665},"rotation":{"x":-0.026362987235188485,"y":-0.9726643562316895,"z":0.18336109817028047,"w":-0.14047598838806153},"size":1.17464280128479,"orthographic":false}