{"cameraMode":{"drawMode":0,"name":"Shaded","section":"Shading Mode"},"sceneLighting":false,"audioPlay":false,"sceneViewState":{"showFog":true,"showMaterialUpdate":false,"showSkybox":false,"showFlares":true,"showImageEffects":true,"showParticleSystems":true},"in2DMode":false,"pivot":{"x":0.3451596200466156,"y":0.9502037763595581,"z":-0.1175011396408081},"rotation":{"x":-0.01322470884770155,"y":-0.9787531495094299,"z":0.19363300502300263,"w":-0.06707783043384552},"size":1.17464280128479,"orthographic":false}