{"cameraMode":{"drawMode":0,"name":"Shaded","section":"Shading Mode"},"sceneLighting":true,"audioPlay":false,"sceneViewState":{"showFog":true,"showMaterialUpdate":false,"showSkybox":true,"showFlares":true,"showImageEffects":true,"showParticleSystems":true},"in2DMode":false,"pivot":{"x":3.84535813331604,"y":-0.11986714601516724,"z":-3.67154860496521},"rotation":{"x":-0.32820919156074526,"y":0.5952233672142029,"z":-0.2899625599384308,"w":-0.6737467646598816},"size":5.407395362854004,"orthographic":false}