{"cameraMode":{"drawMode":0,"name":"Shaded","section":"Shading Mode"},"sceneLighting":false,"audioPlay":false,"sceneViewState":{"showFog":true,"showMaterialUpdate":false,"showSkybox":false,"showFlares":true,"showImageEffects":true,"showParticleSystems":true},"in2DMode":false,"pivot":{"x":0.3781925141811371,"y":1.1685608625411988,"z":-0.06217920780181885},"rotation":{"x":-0.00022438567248173058,"y":-0.9996427893638611,"z":0.007808037102222443,"w":-0.02791099064052105},"size":1.266953945159912,"orthographic":false}